node_id,node_name,node_type,modality_scope,parent_node_id,canonical_value,aliases,description,allowed_values,is_required_for_final,observed_mask_required,node_role
acquisition_context,acquisition_context,attribute,all,,acquisition_context,,V0 canonical diagnostic node.,present|explicit_absent|not_mentioned|unknown|not_applicable|inferred_low_confidence|inferred_high_confidence,false,true,diagnostic_canonical
anatomy_location,anatomy_location,category,all,,anatomy_location,,V0 canonical diagnostic node.,present|explicit_absent|not_mentioned|unknown|not_applicable|inferred_low_confidence|inferred_high_confidence,false,true,diagnostic_canonical
anatomy_location.laterality,anatomy_location laterality,category,all,anatomy_location,laterality,,V0 canonical diagnostic node.,present|explicit_absent|not_mentioned|unknown|not_applicable|inferred_low_confidence|inferred_high_confidence,false,true,diagnostic_canonical
anatomy_location.laterality.bilateral,anatomy_location laterality bilateral,attribute,all,anatomy_location.laterality,bilateral,,V0 canonical diagnostic node.,present|explicit_absent|not_mentioned|unknown|not_applicable|inferred_low_confidence|inferred_high_confidence,false,true,diagnostic_canonical
anatomy_location.laterality.left,anatomy_location laterality left,attribute,all,anatomy_location.laterality,left,,V0 canonical diagnostic node.,present|explicit_absent|not_mentioned|unknown|not_applicable|inferred_low_confidence|inferred_high_confidence,false,true,diagnostic_canonical
anatomy_location.laterality.right,anatomy_location laterality right,attribute,all,anatomy_location.laterality,right,,V0 canonical diagnostic node.,present|explicit_absent|not_mentioned|unknown|not_applicable|inferred_low_confidence|inferred_high_confidence,false,true,diagnostic_canonical
assessment,assessment,category,all,,assessment,,V0 canonical diagnostic node.,present|explicit_absent|not_mentioned|unknown|not_applicable|inferred_low_confidence|inferred_high_confidence,false,true,diagnostic_canonical
assessment.birads,assessment birads,category,all,assessment,birads,,V0 canonical diagnostic node.,present|explicit_absent|not_mentioned|unknown|not_applicable|inferred_low_confidence|inferred_high_confidence,false,true,diagnostic_canonical
assessment.birads.0_incomplete,assessment birads 0_incomplete,attribute,all,assessment.birads,0_incomplete,,V0 canonical diagnostic node.,present|explicit_absent|not_mentioned|unknown|not_applicable|inferred_low_confidence|inferred_high_confidence,false,true,diagnostic_canonical
assessment.birads.1_negative,assessment birads 1_negative,attribute,all,assessment.birads,1_negative,,V0 canonical diagnostic node.,present|explicit_absent|not_mentioned|unknown|not_applicable|inferred_low_confidence|inferred_high_confidence,false,true,diagnostic_canonical
assessment.birads.2_benign,assessment birads 2_benign,attribute,all,assessment.birads,2_benign,,V0 canonical diagnostic node.,present|explicit_absent|not_mentioned|unknown|not_applicable|inferred_low_confidence|inferred_high_confidence,false,true,diagnostic_canonical
assessment.birads.3_probably_benign,assessment birads 3_probably_benign,attribute,all,assessment.birads,3_probably_benign,,V0 canonical diagnostic node.,present|explicit_absent|not_mentioned|unknown|not_applicable|inferred_low_confidence|inferred_high_confidence,false,true,diagnostic_canonical
assessment.birads.4_suspicious,assessment birads 4_suspicious,attribute,all,assessment.birads,4_suspicious,,V0 canonical diagnostic node.,present|explicit_absent|not_mentioned|unknown|not_applicable|inferred_low_confidence|inferred_high_confidence,false,true,diagnostic_canonical
assessment.birads.5_highly_suggestive_malignancy,assessment birads 5_highly_suggestive_malignancy,attribute,all,assessment.birads,5_highly_suggestive_malignancy,,V0 canonical diagnostic node.,present|explicit_absent|not_mentioned|unknown|not_applicable|inferred_low_confidence|inferred_high_confidence,false,true,diagnostic_canonical
assessment.birads.6_known_biopsy_proven_malignancy,assessment birads 6_known_biopsy_proven_malignancy,attribute,all,assessment.birads,6_known_biopsy_proven_malignancy,,V0 canonical diagnostic node.,present|explicit_absent|not_mentioned|unknown|not_applicable|inferred_low_confidence|inferred_high_confidence,false,true,diagnostic_canonical
assessment.birads_us,assessment birads_us,category,ultrasound,assessment,birads_us,,V0 canonical diagnostic node.,present|explicit_absent|not_mentioned|unknown|not_applicable|inferred_low_confidence|inferred_high_confidence,false,true,diagnostic_canonical
assessment.birads_us.1_negative,assessment birads_us 1_negative,attribute,ultrasound,assessment.birads_us,1_negative,,V0 canonical diagnostic node.,present|explicit_absent|not_mentioned|unknown|not_applicable|inferred_low_confidence|inferred_high_confidence,false,true,diagnostic_canonical
assessment.birads_us.2_benign,assessment birads_us 2_benign,attribute,ultrasound,assessment.birads_us,2_benign,,V0 canonical diagnostic node.,present|explicit_absent|not_mentioned|unknown|not_applicable|inferred_low_confidence|inferred_high_confidence,false,true,diagnostic_canonical
assessment.birads_us.3_probably_benign,assessment birads_us 3_probably_benign,attribute,ultrasound,assessment.birads_us,3_probably_benign,,V0 canonical diagnostic node.,present|explicit_absent|not_mentioned|unknown|not_applicable|inferred_low_confidence|inferred_high_confidence,false,true,diagnostic_canonical
assessment.birads_us.4_suspicious,assessment birads_us 4_suspicious,attribute,ultrasound,assessment.birads_us,4_suspicious,,V0 canonical diagnostic node.,present|explicit_absent|not_mentioned|unknown|not_applicable|inferred_low_confidence|inferred_high_confidence,false,true,diagnostic_canonical
assessment.birads_us.5_highly_suggestive_malignancy,assessment birads_us 5_highly_suggestive_malignancy,attribute,ultrasound,assessment.birads_us,5_highly_suggestive_malignancy,,V0 canonical diagnostic node.,present|explicit_absent|not_mentioned|unknown|not_applicable|inferred_low_confidence|inferred_high_confidence,false,true,diagnostic_canonical
assessment.birads_us.6_known_malignancy,assessment birads_us 6_known_malignancy,attribute,ultrasound,assessment.birads_us,6_known_malignancy,,V0 canonical diagnostic node.,present|explicit_absent|not_mentioned|unknown|not_applicable|inferred_low_confidence|inferred_high_confidence,false,true,diagnostic_canonical
assessment_risk,assessment_risk,attribute,all,,assessment_risk,,V0 canonical diagnostic node.,present|explicit_absent|not_mentioned|unknown|not_applicable|inferred_low_confidence|inferred_high_confidence,false,true,diagnostic_canonical
background_tissue,background_tissue,attribute,all,,background_tissue,,V0 canonical diagnostic node.,present|explicit_absent|not_mentioned|unknown|not_applicable|inferred_low_confidence|inferred_high_confidence,false,true,diagnostic_canonical
engineering.bbox.available,engineering bbox available,attribute,all,engineering.bbox,available,,Explicit bounding-box availability only.,present|explicit_absent|not_mentioned|unknown|not_applicable|inferred_low_confidence|inferred_high_confidence,false,true,engineering_or_provenance
engineering.mask.available,engineering mask available,attribute,all,engineering.mask,available,,Explicit segmentation-mask availability only.,present|explicit_absent|not_mentioned|unknown|not_applicable|inferred_low_confidence|inferred_high_confidence,false,true,engineering_or_provenance
engineering.radiomics.available,engineering radiomics available,attribute,all,engineering.radiomics,available,,Radiomics availability only; never a kinetic label.,present|explicit_absent|not_mentioned|unknown|not_applicable|inferred_low_confidence|inferred_high_confidence,false,true,engineering_or_provenance
exam_context,exam_context,attribute,all,,exam_context,,V0 canonical diagnostic node.,present|explicit_absent|not_mentioned|unknown|not_applicable|inferred_low_confidence|inferred_high_confidence,false,true,diagnostic_canonical
finding_attribute,finding_attribute,attribute,all,,finding_attribute,,V0 canonical diagnostic node.,present|explicit_absent|not_mentioned|unknown|not_applicable|inferred_low_confidence|inferred_high_confidence,false,true,diagnostic_canonical
finding_type,finding_type,attribute,all,,finding_type,,V0 canonical diagnostic node.,present|explicit_absent|not_mentioned|unknown|not_applicable|inferred_low_confidence|inferred_high_confidence,false,true,diagnostic_canonical
label_status_source,label_status_source,attribute,all,,label_status_source,,V0 canonical diagnostic node.,present|explicit_absent|not_mentioned|unknown|not_applicable|inferred_low_confidence|inferred_high_confidence,false,true,diagnostic_canonical
mammography,mammography,category,all,,mammography,,V0 canonical diagnostic node.,present|explicit_absent|not_mentioned|unknown|not_applicable|inferred_low_confidence|inferred_high_confidence,false,true,diagnostic_canonical
mammography.calcification,mammography calcification,category,mammography,mammography,calcification,,V0 canonical diagnostic node.,present|explicit_absent|not_mentioned|unknown|not_applicable|inferred_low_confidence|inferred_high_confidence,false,true,diagnostic_canonical
mammography.calcification.distribution,mammography calcification distribution,category,mammography,mammography.calcification,distribution,,V0 canonical diagnostic node.,present|explicit_absent|not_mentioned|unknown|not_applicable|inferred_low_confidence|inferred_high_confidence,false,true,diagnostic_canonical
mammography.calcification.distribution.diffuse,mammography calcification distribution diffuse,attribute,mammography,mammography.calcification.distribution,diffuse,,V0 canonical diagnostic node.,present|explicit_absent|not_mentioned|unknown|not_applicable|inferred_low_confidence|inferred_high_confidence,false,true,diagnostic_canonical
mammography.calcification.distribution.grouped,mammography calcification distribution grouped,attribute,mammography,mammography.calcification.distribution,grouped,,V0 canonical diagnostic node.,present|explicit_absent|not_mentioned|unknown|not_applicable|inferred_low_confidence|inferred_high_confidence,false,true,diagnostic_canonical
mammography.calcification.distribution.linear,mammography calcification distribution linear,attribute,mammography,mammography.calcification.distribution,linear,,V0 canonical diagnostic node.,present|explicit_absent|not_mentioned|unknown|not_applicable|inferred_low_confidence|inferred_high_confidence,false,true,diagnostic_canonical
mammography.calcification.distribution.regional,mammography calcification distribution regional,attribute,mammography,mammography.calcification.distribution,regional,,V0 canonical diagnostic node.,present|explicit_absent|not_mentioned|unknown|not_applicable|inferred_low_confidence|inferred_high_confidence,false,true,diagnostic_canonical
mammography.calcification.distribution.segmental,mammography calcification distribution segmental,attribute,mammography,mammography.calcification.distribution,segmental,,V0 canonical diagnostic node.,present|explicit_absent|not_mentioned|unknown|not_applicable|inferred_low_confidence|inferred_high_confidence,false,true,diagnostic_canonical
mammography.calcification.morphology,mammography calcification morphology,category,mammography,mammography.calcification,morphology,,V0 canonical diagnostic node.,present|explicit_absent|not_mentioned|unknown|not_applicable|inferred_low_confidence|inferred_high_confidence,false,true,diagnostic_canonical
mammography.calcification.morphology.amorphous,mammography calcification morphology amorphous,attribute,mammography,mammography.calcification.morphology,amorphous,,V0 canonical diagnostic node.,present|explicit_absent|not_mentioned|unknown|not_applicable|inferred_low_confidence|inferred_high_confidence,false,true,diagnostic_canonical
mammography.calcification.morphology.coarse_heterogeneous,mammography calcification morphology coarse_heterogeneous,attribute,mammography,mammography.calcification.morphology,coarse_heterogeneous,,V0 canonical diagnostic node.,present|explicit_absent|not_mentioned|unknown|not_applicable|inferred_low_confidence|inferred_high_confidence,false,true,diagnostic_canonical
mammography.calcification.morphology.fine_linear_branching,mammography calcification morphology fine_linear_branching,attribute,mammography,mammography.calcification.morphology,fine_linear_branching,,V0 canonical diagnostic node.,present|explicit_absent|not_mentioned|unknown|not_applicable|inferred_low_confidence|inferred_high_confidence,false,true,diagnostic_canonical
mammography.calcification.morphology.fine_pleomorphic,mammography calcification morphology fine_pleomorphic,attribute,mammography,mammography.calcification.morphology,fine_pleomorphic,,V0 canonical diagnostic node.,present|explicit_absent|not_mentioned|unknown|not_applicable|inferred_low_confidence|inferred_high_confidence,false,true,diagnostic_canonical
mammography.calcification.morphology.typically_benign,mammography calcification morphology typically_benign,attribute,mammography,mammography.calcification.morphology,typically_benign,,V0 canonical diagnostic node.,present|explicit_absent|not_mentioned|unknown|not_applicable|inferred_low_confidence|inferred_high_confidence,false,true,diagnostic_canonical
mammography.density,mammography density,category,mammography,mammography,density,,V0 canonical diagnostic node.,present|explicit_absent|not_mentioned|unknown|not_applicable|inferred_low_confidence|inferred_high_confidence,false,true,diagnostic_canonical
mammography.density.a_almost_entirely_fatty,mammography density a_almost_entirely_fatty,attribute,mammography,mammography.density,a_almost_entirely_fatty,,V0 canonical diagnostic node.,present|explicit_absent|not_mentioned|unknown|not_applicable|inferred_low_confidence|inferred_high_confidence,false,true,diagnostic_canonical
mammography.density.b_scattered_fibroglandular,mammography density b_scattered_fibroglandular,attribute,mammography,mammography.density,b_scattered_fibroglandular,,V0 canonical diagnostic node.,present|explicit_absent|not_mentioned|unknown|not_applicable|inferred_low_confidence|inferred_high_confidence,false,true,diagnostic_canonical
mammography.density.c_heterogeneously_dense,mammography density c_heterogeneously_dense,attribute,mammography,mammography.density,c_heterogeneously_dense,,V0 canonical diagnostic node.,present|explicit_absent|not_mentioned|unknown|not_applicable|inferred_low_confidence|inferred_high_confidence,false,true,diagnostic_canonical
mammography.density.d_extremely_dense,mammography density d_extremely_dense,attribute,mammography,mammography.density,d_extremely_dense,,V0 canonical diagnostic node.,present|explicit_absent|not_mentioned|unknown|not_applicable|inferred_low_confidence|inferred_high_confidence,false,true,diagnostic_canonical
mammography.finding,mammography finding,category,mammography,mammography,finding,,V0 canonical diagnostic node.,present|explicit_absent|not_mentioned|unknown|not_applicable|inferred_low_confidence|inferred_high_confidence,false,true,diagnostic_canonical
mammography.finding.architectural_distortion,mammography finding architectural_distortion,attribute,mammography,mammography.finding,architectural_distortion,,V0 canonical diagnostic node.,present|explicit_absent|not_mentioned|unknown|not_applicable|inferred_low_confidence|inferred_high_confidence,false,true,diagnostic_canonical
mammography.finding.asymmetry,mammography finding asymmetry,attribute,mammography,mammography.finding,asymmetry,,V0 canonical diagnostic node.,present|explicit_absent|not_mentioned|unknown|not_applicable|inferred_low_confidence|inferred_high_confidence,false,true,diagnostic_canonical
mammography.finding.axillary_lymph_node,mammography finding axillary_lymph_node,attribute,mammography,mammography.finding,axillary_lymph_node,,V0 canonical diagnostic node.,present|explicit_absent|not_mentioned|unknown|not_applicable|inferred_low_confidence|inferred_high_confidence,false,true,diagnostic_canonical
mammography.finding.calcification,mammography finding calcification,attribute,mammography,mammography.finding,calcification,,V0 canonical diagnostic node.,present|explicit_absent|not_mentioned|unknown|not_applicable|inferred_low_confidence|inferred_high_confidence,false,true,diagnostic_canonical
mammography.finding.developing_asymmetry,mammography finding developing_asymmetry,attribute,mammography,mammography.finding,developing_asymmetry,,V0 canonical diagnostic node.,present|explicit_absent|not_mentioned|unknown|not_applicable|inferred_low_confidence|inferred_high_confidence,false,true,diagnostic_canonical
mammography.finding.focal_asymmetry,mammography finding focal_asymmetry,attribute,mammography,mammography.finding,focal_asymmetry,,V0 canonical diagnostic node.,present|explicit_absent|not_mentioned|unknown|not_applicable|inferred_low_confidence|inferred_high_confidence,false,true,diagnostic_canonical
mammography.finding.global_asymmetry,mammography finding global_asymmetry,attribute,mammography,mammography.finding,global_asymmetry,,V0 canonical diagnostic node.,present|explicit_absent|not_mentioned|unknown|not_applicable|inferred_low_confidence|inferred_high_confidence,false,true,diagnostic_canonical
mammography.finding.mass,mammography finding mass,attribute,mammography,mammography.finding,mass,,V0 canonical diagnostic node.,present|explicit_absent|not_mentioned|unknown|not_applicable|inferred_low_confidence|inferred_high_confidence,false,true,diagnostic_canonical
mammography.finding.nipple_retraction,mammography finding nipple_retraction,attribute,mammography,mammography.finding,nipple_retraction,,V0 canonical diagnostic node.,present|explicit_absent|not_mentioned|unknown|not_applicable|inferred_low_confidence|inferred_high_confidence,false,true,diagnostic_canonical
mammography.finding.no_suspicious_finding,mammography finding no_suspicious_finding,attribute,mammography,mammography.finding,no_suspicious_finding,,V0 canonical diagnostic node.,present|explicit_absent|not_mentioned|unknown|not_applicable|inferred_low_confidence|inferred_high_confidence,false,true,diagnostic_canonical
mammography.finding.skin_thickening,mammography finding skin_thickening,attribute,mammography,mammography.finding,skin_thickening,,V0 canonical diagnostic node.,present|explicit_absent|not_mentioned|unknown|not_applicable|inferred_low_confidence|inferred_high_confidence,false,true,diagnostic_canonical
mammography.laterality,mammography laterality,category,mammography,mammography,laterality,,V0 canonical diagnostic node.,present|explicit_absent|not_mentioned|unknown|not_applicable|inferred_low_confidence|inferred_high_confidence,false,true,diagnostic_canonical
mammography.laterality.left,mammography laterality left,attribute,mammography,mammography.laterality,left,,V0 canonical diagnostic node.,present|explicit_absent|not_mentioned|unknown|not_applicable|inferred_low_confidence|inferred_high_confidence,false,true,diagnostic_canonical
mammography.laterality.right,mammography laterality right,attribute,mammography,mammography.laterality,right,,V0 canonical diagnostic node.,present|explicit_absent|not_mentioned|unknown|not_applicable|inferred_low_confidence|inferred_high_confidence,false,true,diagnostic_canonical
mammography.mass,mammography mass,category,mammography,mammography,mass,,V0 canonical diagnostic node.,present|explicit_absent|not_mentioned|unknown|not_applicable|inferred_low_confidence|inferred_high_confidence,false,true,diagnostic_canonical
mammography.mass.density,mammography mass density,category,mammography,mammography.mass,density,,V0 canonical diagnostic node.,present|explicit_absent|not_mentioned|unknown|not_applicable|inferred_low_confidence|inferred_high_confidence,false,true,diagnostic_canonical
mammography.mass.density.equal,mammography mass density equal,attribute,mammography,mammography.mass.density,equal,,V0 canonical diagnostic node.,present|explicit_absent|not_mentioned|unknown|not_applicable|inferred_low_confidence|inferred_high_confidence,false,true,diagnostic_canonical
mammography.mass.density.fat_containing,mammography mass density fat_containing,attribute,mammography,mammography.mass.density,fat_containing,,V0 canonical diagnostic node.,present|explicit_absent|not_mentioned|unknown|not_applicable|inferred_low_confidence|inferred_high_confidence,false,true,diagnostic_canonical
mammography.mass.density.high,mammography mass density high,attribute,mammography,mammography.mass.density,high,,V0 canonical diagnostic node.,present|explicit_absent|not_mentioned|unknown|not_applicable|inferred_low_confidence|inferred_high_confidence,false,true,diagnostic_canonical
mammography.mass.density.low,mammography mass density low,attribute,mammography,mammography.mass.density,low,,V0 canonical diagnostic node.,present|explicit_absent|not_mentioned|unknown|not_applicable|inferred_low_confidence|inferred_high_confidence,false,true,diagnostic_canonical
mammography.mass.margin,mammography mass margin,category,mammography,mammography.mass,margin,,V0 canonical diagnostic node.,present|explicit_absent|not_mentioned|unknown|not_applicable|inferred_low_confidence|inferred_high_confidence,false,true,diagnostic_canonical
mammography.mass.margin.circumscribed,mammography mass margin circumscribed,attribute,mammography,mammography.mass.margin,circumscribed,,V0 canonical diagnostic node.,present|explicit_absent|not_mentioned|unknown|not_applicable|inferred_low_confidence|inferred_high_confidence,false,true,diagnostic_canonical
mammography.mass.margin.indistinct,mammography mass margin indistinct,attribute,mammography,mammography.mass.margin,indistinct,,V0 canonical diagnostic node.,present|explicit_absent|not_mentioned|unknown|not_applicable|inferred_low_confidence|inferred_high_confidence,false,true,diagnostic_canonical
mammography.mass.margin.microlobulated,mammography mass margin microlobulated,attribute,mammography,mammography.mass.margin,microlobulated,,V0 canonical diagnostic node.,present|explicit_absent|not_mentioned|unknown|not_applicable|inferred_low_confidence|inferred_high_confidence,false,true,diagnostic_canonical
mammography.mass.margin.obscured,mammography mass margin obscured,attribute,mammography,mammography.mass.margin,obscured,,V0 canonical diagnostic node.,present|explicit_absent|not_mentioned|unknown|not_applicable|inferred_low_confidence|inferred_high_confidence,false,true,diagnostic_canonical
mammography.mass.margin.spiculated,mammography mass margin spiculated,attribute,mammography,mammography.mass.margin,spiculated,,V0 canonical diagnostic node.,present|explicit_absent|not_mentioned|unknown|not_applicable|inferred_low_confidence|inferred_high_confidence,false,true,diagnostic_canonical
mammography.mass.shape,mammography mass shape,category,mammography,mammography.mass,shape,,V0 canonical diagnostic node.,present|explicit_absent|not_mentioned|unknown|not_applicable|inferred_low_confidence|inferred_high_confidence,false,true,diagnostic_canonical
mammography.mass.shape.irregular,mammography mass shape irregular,attribute,mammography,mammography.mass.shape,irregular,,V0 canonical diagnostic node.,present|explicit_absent|not_mentioned|unknown|not_applicable|inferred_low_confidence|inferred_high_confidence,false,true,diagnostic_canonical
mammography.mass.shape.oval,mammography mass shape oval,attribute,mammography,mammography.mass.shape,oval,,V0 canonical diagnostic node.,present|explicit_absent|not_mentioned|unknown|not_applicable|inferred_low_confidence|inferred_high_confidence,false,true,diagnostic_canonical
mammography.mass.shape.round,mammography mass shape round,attribute,mammography,mammography.mass.shape,round,,V0 canonical diagnostic node.,present|explicit_absent|not_mentioned|unknown|not_applicable|inferred_low_confidence|inferred_high_confidence,false,true,diagnostic_canonical
mammography.view,mammography view,category,mammography,mammography,view,,V0 canonical diagnostic node.,present|explicit_absent|not_mentioned|unknown|not_applicable|inferred_low_confidence|inferred_high_confidence,false,true,diagnostic_canonical
mammography.view.cc,mammography view cc,attribute,mammography,mammography.view,cc,,V0 canonical diagnostic node.,present|explicit_absent|not_mentioned|unknown|not_applicable|inferred_low_confidence|inferred_high_confidence,false,true,diagnostic_canonical
mammography.view.lm,mammography view lm,attribute,mammography,mammography.view,lm,,V0 canonical diagnostic node.,present|explicit_absent|not_mentioned|unknown|not_applicable|inferred_low_confidence|inferred_high_confidence,false,true,diagnostic_canonical
mammography.view.ml,mammography view ml,attribute,mammography,mammography.view,ml,,V0 canonical diagnostic node.,present|explicit_absent|not_mentioned|unknown|not_applicable|inferred_low_confidence|inferred_high_confidence,false,true,diagnostic_canonical
mammography.view.mlo,mammography view mlo,attribute,mammography,mammography.view,mlo,,V0 canonical diagnostic node.,present|explicit_absent|not_mentioned|unknown|not_applicable|inferred_low_confidence|inferred_high_confidence,false,true,diagnostic_canonical
modality,modality,category,all,,modality,,V0 canonical diagnostic node.,present|explicit_absent|not_mentioned|unknown|not_applicable|inferred_low_confidence|inferred_high_confidence,false,true,diagnostic_canonical
modality.mammography,modality mammography,attribute,all,modality,mammography,,V0 canonical diagnostic node.,present|explicit_absent|not_mentioned|unknown|not_applicable|inferred_low_confidence|inferred_high_confidence,false,true,diagnostic_canonical
modality.mri,modality mri,attribute,all,modality,mri,,V0 canonical diagnostic node.,present|explicit_absent|not_mentioned|unknown|not_applicable|inferred_low_confidence|inferred_high_confidence,false,true,diagnostic_canonical
modality.ultrasound,modality ultrasound,attribute,all,modality,ultrasound,,V0 canonical diagnostic node.,present|explicit_absent|not_mentioned|unknown|not_applicable|inferred_low_confidence|inferred_high_confidence,false,true,diagnostic_canonical
mri,mri,category,all,,mri,,V0 canonical diagnostic node.,present|explicit_absent|not_mentioned|unknown|not_applicable|inferred_low_confidence|inferred_high_confidence,false,true,diagnostic_canonical
mri.adc,mri adc,category,mri,mri,adc,,V0 canonical diagnostic node.,present|explicit_absent|not_mentioned|unknown|not_applicable|inferred_low_confidence|inferred_high_confidence,false,true,diagnostic_canonical
mri.adc.high,mri adc high,attribute,mri,mri.adc,high,,V0 canonical diagnostic node.,present|explicit_absent|not_mentioned|unknown|not_applicable|inferred_low_confidence|inferred_high_confidence,false,true,diagnostic_canonical
mri.adc.intermediate,mri adc intermediate,attribute,mri,mri.adc,intermediate,,V0 canonical diagnostic node.,present|explicit_absent|not_mentioned|unknown|not_applicable|inferred_low_confidence|inferred_high_confidence,false,true,diagnostic_canonical
mri.adc.low,mri adc low,attribute,mri,mri.adc,low,,V0 canonical diagnostic node.,present|explicit_absent|not_mentioned|unknown|not_applicable|inferred_low_confidence|inferred_high_confidence,false,true,diagnostic_canonical
mri.background,mri background,category,mri,mri,background,,V0 canonical diagnostic node.,present|explicit_absent|not_mentioned|unknown|not_applicable|inferred_low_confidence|inferred_high_confidence,false,true,diagnostic_canonical
mri.background.fibroglandular_tissue,mri background fibroglandular_tissue,category,mri,mri.background,fibroglandular_tissue,,V0 canonical diagnostic node.,present|explicit_absent|not_mentioned|unknown|not_applicable|inferred_low_confidence|inferred_high_confidence,false,true,diagnostic_canonical
mri.background.fibroglandular_tissue.extreme,mri background fibroglandular_tissue extreme,attribute,mri,mri.background.fibroglandular_tissue,extreme,,V0 canonical diagnostic node.,present|explicit_absent|not_mentioned|unknown|not_applicable|inferred_low_confidence|inferred_high_confidence,false,true,diagnostic_canonical
mri.background.fibroglandular_tissue.fatty,mri background fibroglandular_tissue fatty,attribute,mri,mri.background.fibroglandular_tissue,fatty,,V0 canonical diagnostic node.,present|explicit_absent|not_mentioned|unknown|not_applicable|inferred_low_confidence|inferred_high_confidence,false,true,diagnostic_canonical
mri.background.fibroglandular_tissue.heterogeneous,mri background fibroglandular_tissue heterogeneous,attribute,mri,mri.background.fibroglandular_tissue,heterogeneous,,V0 canonical diagnostic node.,present|explicit_absent|not_mentioned|unknown|not_applicable|inferred_low_confidence|inferred_high_confidence,false,true,diagnostic_canonical
mri.background.fibroglandular_tissue.scattered,mri background fibroglandular_tissue scattered,attribute,mri,mri.background.fibroglandular_tissue,scattered,,V0 canonical diagnostic node.,present|explicit_absent|not_mentioned|unknown|not_applicable|inferred_low_confidence|inferred_high_confidence,false,true,diagnostic_canonical
mri.bpe,mri bpe,category,mri,mri,bpe,,V0 canonical diagnostic node.,present|explicit_absent|not_mentioned|unknown|not_applicable|inferred_low_confidence|inferred_high_confidence,false,true,diagnostic_canonical
mri.bpe.marked,mri bpe marked,attribute,mri,mri.bpe,marked,,V0 canonical diagnostic node.,present|explicit_absent|not_mentioned|unknown|not_applicable|inferred_low_confidence|inferred_high_confidence,false,true,diagnostic_canonical
mri.bpe.mild,mri bpe mild,attribute,mri,mri.bpe,mild,,V0 canonical diagnostic node.,present|explicit_absent|not_mentioned|unknown|not_applicable|inferred_low_confidence|inferred_high_confidence,false,true,diagnostic_canonical
mri.bpe.minimal,mri bpe minimal,attribute,mri,mri.bpe,minimal,,V0 canonical diagnostic node.,present|explicit_absent|not_mentioned|unknown|not_applicable|inferred_low_confidence|inferred_high_confidence,false,true,diagnostic_canonical
mri.bpe.moderate,mri bpe moderate,attribute,mri,mri.bpe,moderate,,V0 canonical diagnostic node.,present|explicit_absent|not_mentioned|unknown|not_applicable|inferred_low_confidence|inferred_high_confidence,false,true,diagnostic_canonical
mri.dwi,mri dwi,category,mri,mri,dwi,,V0 canonical diagnostic node.,present|explicit_absent|not_mentioned|unknown|not_applicable|inferred_low_confidence|inferred_high_confidence,false,true,diagnostic_canonical
mri.dwi.restricted_diffusion,mri dwi restricted_diffusion,category,mri,mri.dwi,restricted_diffusion,,V0 canonical diagnostic node.,present|explicit_absent|not_mentioned|unknown|not_applicable|inferred_low_confidence|inferred_high_confidence,false,true,diagnostic_canonical
mri.dwi.restricted_diffusion.absent,mri dwi restricted_diffusion absent,attribute,mri,mri.dwi.restricted_diffusion,absent,,V0 canonical diagnostic node.,present|explicit_absent|not_mentioned|unknown|not_applicable|inferred_low_confidence|inferred_high_confidence,false,true,diagnostic_canonical
mri.dwi.restricted_diffusion.present,mri dwi restricted_diffusion present,attribute,mri,mri.dwi.restricted_diffusion,present,,V0 canonical diagnostic node.,present|explicit_absent|not_mentioned|unknown|not_applicable|inferred_low_confidence|inferred_high_confidence,false,true,diagnostic_canonical
mri.finding,mri finding,category,mri,mri,finding,,V0 canonical diagnostic node.,present|explicit_absent|not_mentioned|unknown|not_applicable|inferred_low_confidence|inferred_high_confidence,false,true,diagnostic_canonical
mri.finding.bilateral_disease,mri finding bilateral_disease,attribute,mri,mri.finding,bilateral_disease,,V0 canonical diagnostic node.,present|explicit_absent|not_mentioned|unknown|not_applicable|inferred_low_confidence|inferred_high_confidence,false,true,diagnostic_canonical
mri.finding.focus,mri finding focus,attribute,mri,mri.finding,focus,,V0 canonical diagnostic node.,present|explicit_absent|not_mentioned|unknown|not_applicable|inferred_low_confidence|inferred_high_confidence,false,true,diagnostic_canonical
mri.finding.mass,mri finding mass,attribute,mri,mri.finding,mass,,V0 canonical diagnostic node.,present|explicit_absent|not_mentioned|unknown|not_applicable|inferred_low_confidence|inferred_high_confidence,false,true,diagnostic_canonical
mri.finding.multicentric_disease,mri finding multicentric_disease,attribute,mri,mri.finding,multicentric_disease,,V0 canonical diagnostic node.,present|explicit_absent|not_mentioned|unknown|not_applicable|inferred_low_confidence|inferred_high_confidence,false,true,diagnostic_canonical
mri.finding.multifocal_disease,mri finding multifocal_disease,attribute,mri,mri.finding,multifocal_disease,,V0 canonical diagnostic node.,present|explicit_absent|not_mentioned|unknown|not_applicable|inferred_low_confidence|inferred_high_confidence,false,true,diagnostic_canonical
mri.finding.no_suspicious_enhancement,mri finding no_suspicious_enhancement,attribute,mri,mri.finding,no_suspicious_enhancement,,V0 canonical diagnostic node.,present|explicit_absent|not_mentioned|unknown|not_applicable|inferred_low_confidence|inferred_high_confidence,false,true,diagnostic_canonical
mri.finding.non_mass_enhancement,mri finding non_mass_enhancement,attribute,mri,mri.finding,non_mass_enhancement,,V0 canonical diagnostic node.,present|explicit_absent|not_mentioned|unknown|not_applicable|inferred_low_confidence|inferred_high_confidence,false,true,diagnostic_canonical
mri.internal_enhancement,mri internal_enhancement,category,mri,mri,internal_enhancement,,V0 canonical diagnostic node.,present|explicit_absent|not_mentioned|unknown|not_applicable|inferred_low_confidence|inferred_high_confidence,false,true,diagnostic_canonical
mri.internal_enhancement.dark_internal_septations,mri internal_enhancement dark_internal_septations,attribute,mri,mri.internal_enhancement,dark_internal_septations,,V0 canonical diagnostic node.,present|explicit_absent|not_mentioned|unknown|not_applicable|inferred_low_confidence|inferred_high_confidence,false,true,diagnostic_canonical
mri.internal_enhancement.heterogeneous,mri internal_enhancement heterogeneous,attribute,mri,mri.internal_enhancement,heterogeneous,,V0 canonical diagnostic node.,present|explicit_absent|not_mentioned|unknown|not_applicable|inferred_low_confidence|inferred_high_confidence,false,true,diagnostic_canonical
mri.internal_enhancement.homogeneous,mri internal_enhancement homogeneous,attribute,mri,mri.internal_enhancement,homogeneous,,V0 canonical diagnostic node.,present|explicit_absent|not_mentioned|unknown|not_applicable|inferred_low_confidence|inferred_high_confidence,false,true,diagnostic_canonical
mri.internal_enhancement.rim,mri internal_enhancement rim,attribute,mri,mri.internal_enhancement,rim,,V0 canonical diagnostic node.,present|explicit_absent|not_mentioned|unknown|not_applicable|inferred_low_confidence|inferred_high_confidence,false,true,diagnostic_canonical
mri.kinetic,mri kinetic,category,mri,mri,kinetic,,V0 canonical diagnostic node.,present|explicit_absent|not_mentioned|unknown|not_applicable|inferred_low_confidence|inferred_high_confidence,false,true,diagnostic_canonical
mri.kinetic.delayed,mri kinetic delayed,category,mri,mri.kinetic,delayed,,V0 canonical diagnostic node.,present|explicit_absent|not_mentioned|unknown|not_applicable|inferred_low_confidence|inferred_high_confidence,false,true,diagnostic_canonical
mri.kinetic.delayed.persistent,mri kinetic delayed persistent,attribute,mri,mri.kinetic.delayed,persistent,,V0 canonical diagnostic node.,present|explicit_absent|not_mentioned|unknown|not_applicable|inferred_low_confidence|inferred_high_confidence,false,true,diagnostic_canonical
mri.kinetic.delayed.plateau,mri kinetic delayed plateau,attribute,mri,mri.kinetic.delayed,plateau,,V0 canonical diagnostic node.,present|explicit_absent|not_mentioned|unknown|not_applicable|inferred_low_confidence|inferred_high_confidence,false,true,diagnostic_canonical
mri.kinetic.delayed.washout,mri kinetic delayed washout,attribute,mri,mri.kinetic.delayed,washout,,V0 canonical diagnostic node.,present|explicit_absent|not_mentioned|unknown|not_applicable|inferred_low_confidence|inferred_high_confidence,false,true,diagnostic_canonical
mri.kinetic.initial,mri kinetic initial,category,mri,mri.kinetic,initial,,V0 canonical diagnostic node.,present|explicit_absent|not_mentioned|unknown|not_applicable|inferred_low_confidence|inferred_high_confidence,false,true,diagnostic_canonical
mri.kinetic.initial.fast,mri kinetic initial fast,attribute,mri,mri.kinetic.initial,fast,,V0 canonical diagnostic node.,present|explicit_absent|not_mentioned|unknown|not_applicable|inferred_low_confidence|inferred_high_confidence,false,true,diagnostic_canonical
mri.kinetic.initial.medium,mri kinetic initial medium,attribute,mri,mri.kinetic.initial,medium,,V0 canonical diagnostic node.,present|explicit_absent|not_mentioned|unknown|not_applicable|inferred_low_confidence|inferred_high_confidence,false,true,diagnostic_canonical
mri.kinetic.initial.slow,mri kinetic initial slow,attribute,mri,mri.kinetic.initial,slow,,V0 canonical diagnostic node.,present|explicit_absent|not_mentioned|unknown|not_applicable|inferred_low_confidence|inferred_high_confidence,false,true,diagnostic_canonical
mri.mass,mri mass,category,mri,mri,mass,,V0 canonical diagnostic node.,present|explicit_absent|not_mentioned|unknown|not_applicable|inferred_low_confidence|inferred_high_confidence,false,true,diagnostic_canonical
mri.mass.margin,mri mass margin,category,mri,mri.mass,margin,,V0 canonical diagnostic node.,present|explicit_absent|not_mentioned|unknown|not_applicable|inferred_low_confidence|inferred_high_confidence,false,true,diagnostic_canonical
mri.mass.margin.circumscribed,mri mass margin circumscribed,attribute,mri,mri.mass.margin,circumscribed,,V0 canonical diagnostic node.,present|explicit_absent|not_mentioned|unknown|not_applicable|inferred_low_confidence|inferred_high_confidence,false,true,diagnostic_canonical
mri.mass.margin.irregular,mri mass margin irregular,attribute,mri,mri.mass.margin,irregular,,V0 canonical diagnostic node.,present|explicit_absent|not_mentioned|unknown|not_applicable|inferred_low_confidence|inferred_high_confidence,false,true,diagnostic_canonical
mri.mass.margin.spiculated,mri mass margin spiculated,attribute,mri,mri.mass.margin,spiculated,,V0 canonical diagnostic node.,present|explicit_absent|not_mentioned|unknown|not_applicable|inferred_low_confidence|inferred_high_confidence,false,true,diagnostic_canonical
mri.mass.shape,mri mass shape,category,mri,mri.mass,shape,,V0 canonical diagnostic node.,present|explicit_absent|not_mentioned|unknown|not_applicable|inferred_low_confidence|inferred_high_confidence,false,true,diagnostic_canonical
mri.mass.shape.irregular,mri mass shape irregular,attribute,mri,mri.mass.shape,irregular,,V0 canonical diagnostic node.,present|explicit_absent|not_mentioned|unknown|not_applicable|inferred_low_confidence|inferred_high_confidence,false,true,diagnostic_canonical
mri.mass.shape.oval,mri mass shape oval,attribute,mri,mri.mass.shape,oval,,V0 canonical diagnostic node.,present|explicit_absent|not_mentioned|unknown|not_applicable|inferred_low_confidence|inferred_high_confidence,false,true,diagnostic_canonical
mri.mass.shape.round,mri mass shape round,attribute,mri,mri.mass.shape,round,,V0 canonical diagnostic node.,present|explicit_absent|not_mentioned|unknown|not_applicable|inferred_low_confidence|inferred_high_confidence,false,true,diagnostic_canonical
mri.nme,mri nme,category,mri,mri,nme,,V0 canonical diagnostic node.,present|explicit_absent|not_mentioned|unknown|not_applicable|inferred_low_confidence|inferred_high_confidence,false,true,diagnostic_canonical
mri.nme.distribution,mri nme distribution,category,mri,mri.nme,distribution,,V0 canonical diagnostic node.,present|explicit_absent|not_mentioned|unknown|not_applicable|inferred_low_confidence|inferred_high_confidence,false,true,diagnostic_canonical
mri.nme.distribution.diffuse,mri nme distribution diffuse,attribute,mri,mri.nme.distribution,diffuse,,V0 canonical diagnostic node.,present|explicit_absent|not_mentioned|unknown|not_applicable|inferred_low_confidence|inferred_high_confidence,false,true,diagnostic_canonical
mri.nme.distribution.focal,mri nme distribution focal,attribute,mri,mri.nme.distribution,focal,,V0 canonical diagnostic node.,present|explicit_absent|not_mentioned|unknown|not_applicable|inferred_low_confidence|inferred_high_confidence,false,true,diagnostic_canonical
mri.nme.distribution.linear,mri nme distribution linear,attribute,mri,mri.nme.distribution,linear,,V0 canonical diagnostic node.,present|explicit_absent|not_mentioned|unknown|not_applicable|inferred_low_confidence|inferred_high_confidence,false,true,diagnostic_canonical
mri.nme.distribution.multiple_regions,mri nme distribution multiple_regions,attribute,mri,mri.nme.distribution,multiple_regions,,V0 canonical diagnostic node.,present|explicit_absent|not_mentioned|unknown|not_applicable|inferred_low_confidence|inferred_high_confidence,false,true,diagnostic_canonical
mri.nme.distribution.regional,mri nme distribution regional,attribute,mri,mri.nme.distribution,regional,,V0 canonical diagnostic node.,present|explicit_absent|not_mentioned|unknown|not_applicable|inferred_low_confidence|inferred_high_confidence,false,true,diagnostic_canonical
mri.nme.distribution.segmental,mri nme distribution segmental,attribute,mri,mri.nme.distribution,segmental,,V0 canonical diagnostic node.,present|explicit_absent|not_mentioned|unknown|not_applicable|inferred_low_confidence|inferred_high_confidence,false,true,diagnostic_canonical
mri.nme.internal_enhancement,mri nme internal_enhancement,category,mri,mri.nme,internal_enhancement,,V0 canonical diagnostic node.,present|explicit_absent|not_mentioned|unknown|not_applicable|inferred_low_confidence|inferred_high_confidence,false,true,diagnostic_canonical
mri.nme.internal_enhancement.clumped,mri nme internal_enhancement clumped,attribute,mri,mri.nme.internal_enhancement,clumped,,V0 canonical diagnostic node.,present|explicit_absent|not_mentioned|unknown|not_applicable|inferred_low_confidence|inferred_high_confidence,false,true,diagnostic_canonical
mri.nme.internal_enhancement.clustered_ring,mri nme internal_enhancement clustered_ring,attribute,mri,mri.nme.internal_enhancement,clustered_ring,,V0 canonical diagnostic node.,present|explicit_absent|not_mentioned|unknown|not_applicable|inferred_low_confidence|inferred_high_confidence,false,true,diagnostic_canonical
mri.nme.internal_enhancement.heterogeneous,mri nme internal_enhancement heterogeneous,attribute,mri,mri.nme.internal_enhancement,heterogeneous,,V0 canonical diagnostic node.,present|explicit_absent|not_mentioned|unknown|not_applicable|inferred_low_confidence|inferred_high_confidence,false,true,diagnostic_canonical
mri.nme.internal_enhancement.homogeneous,mri nme internal_enhancement homogeneous,attribute,mri,mri.nme.internal_enhancement,homogeneous,,V0 canonical diagnostic node.,present|explicit_absent|not_mentioned|unknown|not_applicable|inferred_low_confidence|inferred_high_confidence,false,true,diagnostic_canonical
mri.sequence,mri sequence,category,mri,mri,sequence,,V0 canonical diagnostic node.,present|explicit_absent|not_mentioned|unknown|not_applicable|inferred_low_confidence|inferred_high_confidence,false,true,diagnostic_canonical
mri.sequence.adc,mri sequence adc,attribute,mri,mri.sequence,adc,,V0 canonical diagnostic node.,present|explicit_absent|not_mentioned|unknown|not_applicable|inferred_low_confidence|inferred_high_confidence,false,true,diagnostic_canonical
mri.sequence.dce,mri sequence dce,attribute,mri,mri.sequence,dce,,V0 canonical diagnostic node.,present|explicit_absent|not_mentioned|unknown|not_applicable|inferred_low_confidence|inferred_high_confidence,false,true,diagnostic_canonical
mri.sequence.dwi,mri sequence dwi,attribute,mri,mri.sequence,dwi,,V0 canonical diagnostic node.,present|explicit_absent|not_mentioned|unknown|not_applicable|inferred_low_confidence|inferred_high_confidence,false,true,diagnostic_canonical
mri.sequence.post_contrast_phase_delayed,mri sequence post_contrast_phase_delayed,attribute,mri,mri.sequence,post_contrast_phase_delayed,,V0 canonical diagnostic node.,present|explicit_absent|not_mentioned|unknown|not_applicable|inferred_low_confidence|inferred_high_confidence,false,true,diagnostic_canonical
mri.sequence.post_contrast_phase_early,mri sequence post_contrast_phase_early,attribute,mri,mri.sequence,post_contrast_phase_early,,V0 canonical diagnostic node.,present|explicit_absent|not_mentioned|unknown|not_applicable|inferred_low_confidence|inferred_high_confidence,false,true,diagnostic_canonical
mri.sequence.subtraction,mri sequence subtraction,attribute,mri,mri.sequence,subtraction,,V0 canonical diagnostic node.,present|explicit_absent|not_mentioned|unknown|not_applicable|inferred_low_confidence|inferred_high_confidence,false,true,diagnostic_canonical
mri.sequence.t1,mri sequence t1,attribute,mri,mri.sequence,t1,,V0 canonical diagnostic node.,present|explicit_absent|not_mentioned|unknown|not_applicable|inferred_low_confidence|inferred_high_confidence,false,true,diagnostic_canonical
mri.sequence.t2,mri sequence t2,attribute,mri,mri.sequence,t2,,V0 canonical diagnostic node.,present|explicit_absent|not_mentioned|unknown|not_applicable|inferred_low_confidence|inferred_high_confidence,false,true,diagnostic_canonical
mri.treatment_response,mri treatment_response,category,mri,mri,treatment_response,,V0 canonical diagnostic node.,present|explicit_absent|not_mentioned|unknown|not_applicable|inferred_low_confidence|inferred_high_confidence,false,true,diagnostic_canonical
mri.treatment_response.complete_response,mri treatment_response complete_response,attribute,mri,mri.treatment_response,complete_response,,V0 canonical diagnostic node.,present|explicit_absent|not_mentioned|unknown|not_applicable|inferred_low_confidence|inferred_high_confidence,false,true,diagnostic_canonical
mri.treatment_response.partial_response,mri treatment_response partial_response,attribute,mri,mri.treatment_response,partial_response,,V0 canonical diagnostic node.,present|explicit_absent|not_mentioned|unknown|not_applicable|inferred_low_confidence|inferred_high_confidence,false,true,diagnostic_canonical
mri.treatment_response.progressive_disease,mri treatment_response progressive_disease,attribute,mri,mri.treatment_response,progressive_disease,,V0 canonical diagnostic node.,present|explicit_absent|not_mentioned|unknown|not_applicable|inferred_low_confidence|inferred_high_confidence,false,true,diagnostic_canonical
mri.treatment_response.residual_enhancing_disease,mri treatment_response residual_enhancing_disease,attribute,mri,mri.treatment_response,residual_enhancing_disease,,V0 canonical diagnostic node.,present|explicit_absent|not_mentioned|unknown|not_applicable|inferred_low_confidence|inferred_high_confidence,false,true,diagnostic_canonical
mri.treatment_response.stable_disease,mri treatment_response stable_disease,attribute,mri,mri.treatment_response,stable_disease,,V0 canonical diagnostic node.,present|explicit_absent|not_mentioned|unknown|not_applicable|inferred_low_confidence|inferred_high_confidence,false,true,diagnostic_canonical
provenance.label.confidence,provenance label confidence,attribute,all,provenance.label,confidence,,Legacy confidence metadata bridge.,present|explicit_absent|not_mentioned|unknown|not_applicable|inferred_low_confidence|inferred_high_confidence,false,true,engineering_or_provenance
provenance.label.source,provenance label source,attribute,all,provenance.label,source,,Legacy source metadata bridge.,present|explicit_absent|not_mentioned|unknown|not_applicable|inferred_low_confidence|inferred_high_confidence,false,true,engineering_or_provenance
provenance.label.status,provenance label status,attribute,all,provenance.label,status,,Legacy status metadata bridge.,present|explicit_absent|not_mentioned|unknown|not_applicable|inferred_low_confidence|inferred_high_confidence,false,true,engineering_or_provenance
provenance.source.curated_label,provenance source curated_label,attribute,all,provenance.source,curated_label,,Curated label provenance node.,present|explicit_absent|not_mentioned|unknown|not_applicable|inferred_low_confidence|inferred_high_confidence,false,true,engineering_or_provenance
provenance.source.manual_review,provenance source manual_review,attribute,all,provenance.source,manual_review,,Manual-review provenance node.,present|explicit_absent|not_mentioned|unknown|not_applicable|inferred_low_confidence|inferred_high_confidence,false,true,engineering_or_provenance
provenance.source.report_text,provenance source report_text,attribute,all,provenance.source,report_text,,Report-text provenance node.,present|explicit_absent|not_mentioned|unknown|not_applicable|inferred_low_confidence|inferred_high_confidence,false,true,engineering_or_provenance
provenance.source.structured_field,provenance source structured_field,attribute,all,provenance.source,structured_field,,Structured field provenance node.,present|explicit_absent|not_mentioned|unknown|not_applicable|inferred_low_confidence|inferred_high_confidence,false,true,engineering_or_provenance
recommendation_outcome,recommendation_outcome,attribute,all,,recommendation_outcome,,V0 canonical diagnostic node.,present|explicit_absent|not_mentioned|unknown|not_applicable|inferred_low_confidence|inferred_high_confidence,false,true,diagnostic_canonical
risk,risk,category,all,,risk,,V0 canonical diagnostic node.,present|explicit_absent|not_mentioned|unknown|not_applicable|inferred_low_confidence|inferred_high_confidence,false,true,diagnostic_canonical
risk.benign_likely,risk benign_likely,attribute,all,risk,benign_likely,,V0 canonical diagnostic node.,present|explicit_absent|not_mentioned|unknown|not_applicable|inferred_low_confidence|inferred_high_confidence,false,true,diagnostic_canonical
risk.highly_suspicious,risk highly_suspicious,attribute,all,risk,highly_suspicious,,V0 canonical diagnostic node.,present|explicit_absent|not_mentioned|unknown|not_applicable|inferred_low_confidence|inferred_high_confidence,false,true,diagnostic_canonical
risk.known_malignancy,risk known_malignancy,attribute,all,risk,known_malignancy,,V0 canonical diagnostic node.,present|explicit_absent|not_mentioned|unknown|not_applicable|inferred_low_confidence|inferred_high_confidence,false,true,diagnostic_canonical
risk.probably_benign,risk probably_benign,attribute,all,risk,probably_benign,,V0 canonical diagnostic node.,present|explicit_absent|not_mentioned|unknown|not_applicable|inferred_low_confidence|inferred_high_confidence,false,true,diagnostic_canonical
risk.suspicious,risk suspicious,attribute,all,risk,suspicious,,V0 canonical diagnostic node.,present|explicit_absent|not_mentioned|unknown|not_applicable|inferred_low_confidence|inferred_high_confidence,false,true,diagnostic_canonical
shared,shared,category,all,,shared,,V0 canonical diagnostic node.,present|explicit_absent|not_mentioned|unknown|not_applicable|inferred_low_confidence|inferred_high_confidence,false,true,diagnostic_canonical
shared.finding,shared finding,category,all,shared,finding,,V0 canonical diagnostic node.,present|explicit_absent|not_mentioned|unknown|not_applicable|inferred_low_confidence|inferred_high_confidence,false,true,diagnostic_canonical
shared.finding.mass,shared finding mass,attribute,all,shared.finding,mass,,V0 canonical diagnostic node.,present|explicit_absent|not_mentioned|unknown|not_applicable|inferred_low_confidence|inferred_high_confidence,false,true,diagnostic_canonical
ultrasound,ultrasound,category,all,,ultrasound,,V0 canonical diagnostic node.,present|explicit_absent|not_mentioned|unknown|not_applicable|inferred_low_confidence|inferred_high_confidence,false,true,diagnostic_canonical
ultrasound.echo_pattern,ultrasound echo_pattern,category,ultrasound,ultrasound,echo_pattern,,V0 canonical diagnostic node.,present|explicit_absent|not_mentioned|unknown|not_applicable|inferred_low_confidence|inferred_high_confidence,false,true,diagnostic_canonical
ultrasound.echo_pattern.anechoic,ultrasound echo_pattern anechoic,attribute,ultrasound,ultrasound.echo_pattern,anechoic,,V0 canonical diagnostic node.,present|explicit_absent|not_mentioned|unknown|not_applicable|inferred_low_confidence|inferred_high_confidence,false,true,diagnostic_canonical
ultrasound.echo_pattern.complex,ultrasound echo_pattern complex,attribute,ultrasound,ultrasound.echo_pattern,complex,,V0 canonical diagnostic node.,present|explicit_absent|not_mentioned|unknown|not_applicable|inferred_low_confidence|inferred_high_confidence,false,true,diagnostic_canonical
ultrasound.echo_pattern.heterogeneous,ultrasound echo_pattern heterogeneous,attribute,ultrasound,ultrasound.echo_pattern,heterogeneous,,V0 canonical diagnostic node.,present|explicit_absent|not_mentioned|unknown|not_applicable|inferred_low_confidence|inferred_high_confidence,false,true,diagnostic_canonical
ultrasound.echo_pattern.hyperechoic,ultrasound echo_pattern hyperechoic,attribute,ultrasound,ultrasound.echo_pattern,hyperechoic,,V0 canonical diagnostic node.,present|explicit_absent|not_mentioned|unknown|not_applicable|inferred_low_confidence|inferred_high_confidence,false,true,diagnostic_canonical
ultrasound.echo_pattern.hypoechoic,ultrasound echo_pattern hypoechoic,attribute,ultrasound,ultrasound.echo_pattern,hypoechoic,,V0 canonical diagnostic node.,present|explicit_absent|not_mentioned|unknown|not_applicable|inferred_low_confidence|inferred_high_confidence,false,true,diagnostic_canonical
ultrasound.echo_pattern.isoechoic,ultrasound echo_pattern isoechoic,attribute,ultrasound,ultrasound.echo_pattern,isoechoic,,V0 canonical diagnostic node.,present|explicit_absent|not_mentioned|unknown|not_applicable|inferred_low_confidence|inferred_high_confidence,false,true,diagnostic_canonical
ultrasound.finding,ultrasound finding,category,ultrasound,ultrasound,finding,,V0 canonical diagnostic node.,present|explicit_absent|not_mentioned|unknown|not_applicable|inferred_low_confidence|inferred_high_confidence,false,true,diagnostic_canonical
ultrasound.finding.abscess_or_inflammatory_change,ultrasound finding abscess_or_inflammatory_change,attribute,ultrasound,ultrasound.finding,abscess_or_inflammatory_change,,V0 canonical diagnostic node.,present|explicit_absent|not_mentioned|unknown|not_applicable|inferred_low_confidence|inferred_high_confidence,false,true,diagnostic_canonical
ultrasound.finding.complex_cystic_solid_lesion,ultrasound finding complex_cystic_solid_lesion,attribute,ultrasound,ultrasound.finding,complex_cystic_solid_lesion,,V0 canonical diagnostic node.,present|explicit_absent|not_mentioned|unknown|not_applicable|inferred_low_confidence|inferred_high_confidence,false,true,diagnostic_canonical
ultrasound.finding.cyst,ultrasound finding cyst,attribute,ultrasound,ultrasound.finding,cyst,,V0 canonical diagnostic node.,present|explicit_absent|not_mentioned|unknown|not_applicable|inferred_low_confidence|inferred_high_confidence,false,true,diagnostic_canonical
ultrasound.finding.lymph_node,ultrasound finding lymph_node,attribute,ultrasound,ultrasound.finding,lymph_node,,V0 canonical diagnostic node.,present|explicit_absent|not_mentioned|unknown|not_applicable|inferred_low_confidence|inferred_high_confidence,false,true,diagnostic_canonical
ultrasound.finding.mass,ultrasound finding mass,attribute,ultrasound,ultrasound.finding,mass,,V0 canonical diagnostic node.,present|explicit_absent|not_mentioned|unknown|not_applicable|inferred_low_confidence|inferred_high_confidence,false,true,diagnostic_canonical
ultrasound.finding.no_lesion,ultrasound finding no_lesion,attribute,ultrasound,ultrasound.finding,no_lesion,,V0 canonical diagnostic node.,present|explicit_absent|not_mentioned|unknown|not_applicable|inferred_low_confidence|inferred_high_confidence,false,true,diagnostic_canonical
ultrasound.finding.solid_lesion,ultrasound finding solid_lesion,attribute,ultrasound,ultrasound.finding,solid_lesion,,V0 canonical diagnostic node.,present|explicit_absent|not_mentioned|unknown|not_applicable|inferred_low_confidence|inferred_high_confidence,false,true,diagnostic_canonical
ultrasound.margin,ultrasound margin,category,ultrasound,ultrasound,margin,,V0 canonical diagnostic node.,present|explicit_absent|not_mentioned|unknown|not_applicable|inferred_low_confidence|inferred_high_confidence,false,true,diagnostic_canonical
ultrasound.margin.angular,ultrasound margin angular,attribute,ultrasound,ultrasound.margin,angular,,V0 canonical diagnostic node.,present|explicit_absent|not_mentioned|unknown|not_applicable|inferred_low_confidence|inferred_high_confidence,false,true,diagnostic_canonical
ultrasound.margin.circumscribed,ultrasound margin circumscribed,attribute,ultrasound,ultrasound.margin,circumscribed,,V0 canonical diagnostic node.,present|explicit_absent|not_mentioned|unknown|not_applicable|inferred_low_confidence|inferred_high_confidence,false,true,diagnostic_canonical
ultrasound.margin.indistinct,ultrasound margin indistinct,attribute,ultrasound,ultrasound.margin,indistinct,,V0 canonical diagnostic node.,present|explicit_absent|not_mentioned|unknown|not_applicable|inferred_low_confidence|inferred_high_confidence,false,true,diagnostic_canonical
ultrasound.margin.microlobulated,ultrasound margin microlobulated,attribute,ultrasound,ultrasound.margin,microlobulated,,V0 canonical diagnostic node.,present|explicit_absent|not_mentioned|unknown|not_applicable|inferred_low_confidence|inferred_high_confidence,false,true,diagnostic_canonical
ultrasound.margin.spiculated,ultrasound margin spiculated,attribute,ultrasound,ultrasound.margin,spiculated,,V0 canonical diagnostic node.,present|explicit_absent|not_mentioned|unknown|not_applicable|inferred_low_confidence|inferred_high_confidence,false,true,diagnostic_canonical
ultrasound.orientation,ultrasound orientation,category,ultrasound,ultrasound,orientation,,V0 canonical diagnostic node.,present|explicit_absent|not_mentioned|unknown|not_applicable|inferred_low_confidence|inferred_high_confidence,false,true,diagnostic_canonical
ultrasound.orientation.not_parallel,ultrasound orientation not_parallel,attribute,ultrasound,ultrasound.orientation,not_parallel,,V0 canonical diagnostic node.,present|explicit_absent|not_mentioned|unknown|not_applicable|inferred_low_confidence|inferred_high_confidence,false,true,diagnostic_canonical
ultrasound.orientation.parallel,ultrasound orientation parallel,attribute,ultrasound,ultrasound.orientation,parallel,,V0 canonical diagnostic node.,present|explicit_absent|not_mentioned|unknown|not_applicable|inferred_low_confidence|inferred_high_confidence,false,true,diagnostic_canonical
ultrasound.posterior_feature,ultrasound posterior_feature,category,ultrasound,ultrasound,posterior_feature,,V0 canonical diagnostic node.,present|explicit_absent|not_mentioned|unknown|not_applicable|inferred_low_confidence|inferred_high_confidence,false,true,diagnostic_canonical
ultrasound.posterior_feature.combined,ultrasound posterior_feature combined,attribute,ultrasound,ultrasound.posterior_feature,combined,,V0 canonical diagnostic node.,present|explicit_absent|not_mentioned|unknown|not_applicable|inferred_low_confidence|inferred_high_confidence,false,true,diagnostic_canonical
ultrasound.posterior_feature.enhancement,ultrasound posterior_feature enhancement,attribute,ultrasound,ultrasound.posterior_feature,enhancement,,V0 canonical diagnostic node.,present|explicit_absent|not_mentioned|unknown|not_applicable|inferred_low_confidence|inferred_high_confidence,false,true,diagnostic_canonical
ultrasound.posterior_feature.none,ultrasound posterior_feature none,attribute,ultrasound,ultrasound.posterior_feature,none,,V0 canonical diagnostic node.,present|explicit_absent|not_mentioned|unknown|not_applicable|inferred_low_confidence|inferred_high_confidence,false,true,diagnostic_canonical
ultrasound.posterior_feature.shadowing,ultrasound posterior_feature shadowing,attribute,ultrasound,ultrasound.posterior_feature,shadowing,,V0 canonical diagnostic node.,present|explicit_absent|not_mentioned|unknown|not_applicable|inferred_low_confidence|inferred_high_confidence,false,true,diagnostic_canonical
ultrasound.shape,ultrasound shape,category,ultrasound,ultrasound,shape,,V0 canonical diagnostic node.,present|explicit_absent|not_mentioned|unknown|not_applicable|inferred_low_confidence|inferred_high_confidence,false,true,diagnostic_canonical
ultrasound.shape.irregular,ultrasound shape irregular,attribute,ultrasound,ultrasound.shape,irregular,,V0 canonical diagnostic node.,present|explicit_absent|not_mentioned|unknown|not_applicable|inferred_low_confidence|inferred_high_confidence,false,true,diagnostic_canonical
ultrasound.shape.oval,ultrasound shape oval,attribute,ultrasound,ultrasound.shape,oval,,V0 canonical diagnostic node.,present|explicit_absent|not_mentioned|unknown|not_applicable|inferred_low_confidence|inferred_high_confidence,false,true,diagnostic_canonical
ultrasound.shape.round,ultrasound shape round,attribute,ultrasound,ultrasound.shape,round,,V0 canonical diagnostic node.,present|explicit_absent|not_mentioned|unknown|not_applicable|inferred_low_confidence|inferred_high_confidence,false,true,diagnostic_canonical
ultrasound.vascularity,ultrasound vascularity,category,ultrasound,ultrasound,vascularity,,V0 canonical diagnostic node.,present|explicit_absent|not_mentioned|unknown|not_applicable|inferred_low_confidence|inferred_high_confidence,false,true,diagnostic_canonical
ultrasound.vascularity.absent,ultrasound vascularity absent,attribute,ultrasound,ultrasound.vascularity,absent,,V0 canonical diagnostic node.,present|explicit_absent|not_mentioned|unknown|not_applicable|inferred_low_confidence|inferred_high_confidence,false,true,diagnostic_canonical
ultrasound.vascularity.increased,ultrasound vascularity increased,attribute,ultrasound,ultrasound.vascularity,increased,,V0 canonical diagnostic node.,present|explicit_absent|not_mentioned|unknown|not_applicable|inferred_low_confidence|inferred_high_confidence,false,true,diagnostic_canonical
ultrasound.vascularity.internal,ultrasound vascularity internal,attribute,ultrasound,ultrasound.vascularity,internal,,V0 canonical diagnostic node.,present|explicit_absent|not_mentioned|unknown|not_applicable|inferred_low_confidence|inferred_high_confidence,false,true,diagnostic_canonical
ultrasound.vascularity.rim,ultrasound vascularity rim,attribute,ultrasound,ultrasound.vascularity,rim,,V0 canonical diagnostic node.,present|explicit_absent|not_mentioned|unknown|not_applicable|inferred_low_confidence|inferred_high_confidence,false,true,diagnostic_canonical
